{"train/epoch":0.2643171806167401,"train/loss":0.5264,"_wandb":{"runtime":155},"_runtime":152.773696447,"train/grad_norm":0.07759163528680801,"train/learning_rate":4.5668135095447874e-05,"train/global_step":60,"_timestamp":1.7444556430741262e+09,"_step":2}