{"_runtime":1814.473719757,"train_loss":0.5311709954625085,"_wandb":{"runtime":1815},"eval/samples_per_second":18.03,"eval/runtime":100.7203,"train_steps_per_second":0.094,"eval/loss":2.088456869125366,"train/learning_rate":2.6785714285714285e-06,"_step":11,"train/loss":0.5143,"train_samples_per_second":12.196,"eval/steps_per_second":1.132,"train/grad_norm":0.0671418309211731,"total_flos":4.763902633259827e+16,"train/epoch":2.986784140969163,"train_runtime":1785.88,"train/global_step":168,"_timestamp":1.744457476511834e+09}