{
  "classification_report": {
    "negative": {
      "precision": 0.7509433962264151,
      "recall": 0.7453183520599251,
      "f1-score": 0.7481203007518797,
      "support": 267.0
    },
    "neutral": {
      "precision": 0.4176829268292683,
      "recall": 0.5956521739130435,
      "f1-score": 0.4910394265232975,
      "support": 230.0
    },
    "positive": {
      "precision": 0.819047619047619,
      "recall": 0.6277372262773723,
      "f1-score": 0.7107438016528925,
      "support": 411.0
    },
    "accuracy": 0.6541850220264317,
    "macro avg": {
      "precision": 0.6625579807011008,
      "recall": 0.6562359174167803,
      "f1-score": 0.6499678429760233,
      "support": 908.0
    },
    "weighted avg": {
      "precision": 0.6973541094622864,
      "recall": 0.6541850220264317,
      "f1-score": 0.6660824789432259,
      "support": 908.0
    }
  },
  "confusion_matrix": [
    [
      199,
      54,
      14
    ],
    [
      50,
      137,
      43
    ],
    [
      16,
      137,
      258
    ]
  ]
}