{
  "classification_report": {
    "negative": {
      "precision": 0.8192771084337349,
      "recall": 0.5093632958801498,
      "f1-score": 0.628175519630485,
      "support": 267.0
    },
    "neutral": {
      "precision": 0.4085603112840467,
      "recall": 0.45652173913043476,
      "f1-score": 0.43121149897330596,
      "support": 230.0
    },
    "positive": {
      "precision": 0.7360824742268042,
      "recall": 0.8686131386861314,
      "f1-score": 0.796875,
      "support": 411.0
    },
    "accuracy": 0.6585903083700441,
    "macro avg": {
      "precision": 0.6546399646481952,
      "recall": 0.6114993912322387,
      "f1-score": 0.6187540062012636,
      "support": 908.0
    },
    "weighted avg": {
      "precision": 0.6775834322184521,
      "recall": 0.6585903083700441,
      "f1-score": 0.6546444201599118,
      "support": 908.0
    }
  },
  "confusion_matrix": [
    [
      136,
      104,
      27
    ],
    [
      24,
      105,
      101
    ],
    [
      6,
      48,
      357
    ]
  ]
}