{
  "classification_report": {
    "negative": {
      "precision": 0.45038167938931295,
      "recall": 0.6629213483146067,
      "f1-score": 0.5363636363636364,
      "support": 267.0
    },
    "neutral": {
      "precision": 0.2843601895734597,
      "recall": 0.2608695652173913,
      "f1-score": 0.272108843537415,
      "support": 230.0
    },
    "positive": {
      "precision": 0.5921052631578947,
      "recall": 0.43795620437956206,
      "f1-score": 0.5034965034965035,
      "support": 411.0
    },
    "accuracy": 0.4592511013215859,
    "macro avg": {
      "precision": 0.4422823773735558,
      "recall": 0.45391570597051994,
      "f1-score": 0.43732299446585166,
      "support": 908.0
    },
    "weighted avg": {
      "precision": 0.4724779902607236,
      "recall": 0.4592511013215859,
      "f1-score": 0.4545497663653737,
      "support": 908.0
    }
  },
  "confusion_matrix": [
    [
      177,
      44,
      46
    ],
    [
      92,
      60,
      78
    ],
    [
      124,
      107,
      180
    ]
  ]
}