{
  "classification_report": {
    "negative": {
      "precision": 0.7991071428571429,
      "recall": 0.6704119850187266,
      "f1-score": 0.7291242362525459,
      "support": 267.0
    },
    "neutral": {
      "precision": 0.4393305439330544,
      "recall": 0.45652173913043476,
      "f1-score": 0.44776119402985076,
      "support": 230.0
    },
    "positive": {
      "precision": 0.7438202247191011,
      "recall": 0.805352798053528,
      "f1-score": 0.7733644859813084,
      "support": 411.0
    },
    "accuracy": 0.6773127753303965,
    "macro avg": {
      "precision": 0.6607526371697662,
      "recall": 0.6440955074008964,
      "f1-score": 0.6500833054212349,
      "support": 908.0
    },
    "weighted avg": {
      "precision": 0.682949057937236,
      "recall": 0.6773127753303965,
      "f1-score": 0.6778789090799705,
      "support": 908.0
    }
  },
  "confusion_matrix": [
    [
      179,
      65,
      23
    ],
    [
      34,
      105,
      91
    ],
    [
      11,
      69,
      331
    ]
  ]
}