{
  "classification_report": {
    "negative": {
      "precision": 0.0,
      "recall": 0.0,
      "f1-score": 0.0,
      "support": 267.0
    },
    "neutral": {
      "precision": 0.25,
      "recall": 0.02608695652173913,
      "f1-score": 0.047244094488188976,
      "support": 230.0
    },
    "positive": {
      "precision": 0.45361990950226244,
      "recall": 0.975669099756691,
      "f1-score": 0.6193050193050194,
      "support": 411.0
    },
    "accuracy": 0.44823788546255505,
    "macro avg": {
      "precision": 0.23453996983408745,
      "recall": 0.3339186854261434,
      "f1-score": 0.22218303793106944,
      "support": 908.0
    },
    "weighted avg": {
      "precision": 0.268653945820958,
      "recall": 0.44823788546255505,
      "f1-score": 0.29229130469894976,
      "support": 908.0
    }
  },
  "confusion_matrix": [
    [
      0,
      8,
      259
    ],
    [
      0,
      6,
      224
    ],
    [
      0,
      10,
      401
    ]
  ]
}