{
  "classification_report": {
    "negative": {
      "precision": 0.4841075794621027,
      "recall": 0.7415730337078652,
      "f1-score": 0.5857988165680473,
      "support": 267.0
    },
    "neutral": {
      "precision": 0.284037558685446,
      "recall": 0.5260869565217391,
      "f1-score": 0.36890243902439024,
      "support": 230.0
    },
    "positive": {
      "precision": 0.684931506849315,
      "recall": 0.12165450121654502,
      "f1-score": 0.2066115702479339,
      "support": 411.0
    },
    "accuracy": 0.4063876651982379,
    "macro avg": {
      "precision": 0.48435888166562124,
      "recall": 0.46310483048204976,
      "f1-score": 0.38710427528012387,
      "support": 908.0
    },
    "weighted avg": {
      "precision": 0.5243306294373374,
      "recall": 0.4063876651982379,
      "f1-score": 0.3592215863118714,
      "support": 908.0
    }
  },
  "confusion_matrix": [
    [
      198,
      61,
      8
    ],
    [
      94,
      121,
      15
    ],
    [
      117,
      244,
      50
    ]
  ]
}